issue,number,state,link,repository_name,trimmed_list_lemmatize,trimmed_list_stemming
Fix favicon by adding .ico file containing UBQ logo,360,closed,https://github.com/cubedro/eth-netstats/issues/360,cubedro/eth-netstats,"['fix', 'favicon', 'adding', 'ico', 'file', 'containing', 'ubq', 'logo']","['fix', 'favicon', 'ad', 'ico', 'file', 'contain', 'ubq', 'logo']"
Bump lodash from 3.10.1 to 4.17.19,359,open,https://github.com/cubedro/eth-netstats/issues/359,cubedro/eth-netstats,"['bump', 'lodash', '3101', '41719']","['bump', 'lodash', '3', '10', '1', '4', '17', '19']"
Eth netstat uses minimal-icons.,358,open,https://github.com/cubedro/eth-netstats/issues/358,cubedro/eth-netstats,"['eth', 'netstat', 'us', 'minimalicons']","['eth', 'netstat', 'use', 'minim', 'icon']"
Eth-netstats in not installed,357,open,https://github.com/cubedro/eth-netstats/issues/357,cubedro/eth-netstats,"['ethnetstats', 'installed']","['eth', 'netstat', 'instal']"
TypeError: Cannot read property 'height' of undefined,356,open,https://github.com/cubedro/eth-netstats/issues/356,cubedro/eth-netstats,"['typeerror', 'can', 'read', 'property', 'height', 'undefined']","['typeerror', 'can', 'read', 'properti', 'height', 'undefin']"
accumulating JS errors in Chrome console,355,open,https://github.com/cubedro/eth-netstats/issues/355,cubedro/eth-netstats,"['accumulating', 'js', 'error', 'chrome', 'console']","['accumul', 'js', 'error', 'chrome', 'consol']"
"my running nodes in docker containers does not appear in eth-netstats interface, the api returns web3 connection failed",354,open,https://github.com/cubedro/eth-netstats/issues/354,cubedro/eth-netstats,"['running', 'node', 'docker', 'container', 'appear', 'ethnetstats', 'interface', 'api', 'return', 'web3', 'connection', 'failed']","['run', 'node', 'docker', 'contain', 'appear', 'eth', 'netstat', 'interfac', 'api', 'return', 'web3', 'connect', 'fail']"
Bump ws from 1.1.5 to 7.2.0,353,open,https://github.com/cubedro/eth-netstats/issues/353,cubedro/eth-netstats,"['bump', 'w', '115', '720']","['bump', 'ws', '1', '1', '5', '7', '2', '0']"
Bump debug from 2.2.0 to 4.1.1,352,open,https://github.com/cubedro/eth-netstats/issues/352,cubedro/eth-netstats,"['bump', 'debug', '220', '411']","['bump', 'debug', '2', '2', '0', '4', '1', '1']"
Bump semver from 4.1.0 to 4.3.2 in /web-app/.meteor/local/build/programs/server,351,open,https://github.com/cubedro/eth-netstats/issues/351,cubedro/eth-netstats,"['bump', 'semver', '410', '432', 'webappmeteorlocalbuildprogramsserver']","['bump', 'semver', '4', '1', '0', '4', '3', '2', 'web', 'app', 'meteor', 'local', 'build', 'program', 'server']"
Bump lodash from 3.10.1 to 4.17.15,350,closed,https://github.com/cubedro/eth-netstats/issues/350,cubedro/eth-netstats,"['bump', 'lodash', '3101', '41715']","['bump', 'lodash', '3', '10', '1', '4', '17', '15']"
Best block is ahead of time,348,closed,https://github.com/cubedro/eth-netstats/issues/348,cubedro/eth-netstats,"['best', 'block', 'ahead', 'time']","['best', 'block', 'ahead', 'time']"
Empty response from server,347,closed,https://github.com/cubedro/eth-netstats/issues/347,cubedro/eth-netstats,"['empty', 'response', 'server']","['empti', 'respons', 'server']"
Create Dockerfile,346,open,https://github.com/cubedro/eth-netstats/issues/346,cubedro/eth-netstats,"['create', 'dockerfile']","['creat', 'dockerfil']"
eth-netstats statistics is not correct,345,closed,https://github.com/cubedro/eth-netstats/issues/345,cubedro/eth-netstats,"['ethnetstats', 'statistic', 'correct']","['eth', 'netstat', 'statist', 'correct']"
Fix README titles ,344,closed,https://github.com/cubedro/eth-netstats/issues/344,cubedro/eth-netstats,"['fix', 'readme', 'title']","['fix', 'readm', 'titl']"
Added changes from karalabe fork,343,closed,https://github.com/cubedro/eth-netstats/issues/343,cubedro/eth-netstats,"['added', 'change', 'karalabe', 'fork']","['ad', 'chang', 'karalab', 'fork']"
unable to use eth-netstats along with --ethstats in geth,342,open,https://github.com/cubedro/eth-netstats/issues/342,cubedro/eth-netstats,"['unable', 'use', 'ethnetstats', 'along', 'ethstats', 'geth']","['unabl', 'use', 'eth', 'netstat', 'along', 'ethstat', 'geth']"
"Not able to see Node Type. Also network, protocol and web3 values are being displayed as null.",341,open,https://github.com/cubedro/eth-netstats/issues/341,cubedro/eth-netstats,"['not', 'able', 'see', 'node', 'type', 'also', 'network', 'protocol', 'web3', 'value', 'displayed', 'null']","['not', 'abl', 'see', 'node', 'type', 'also', 'network', 'protocol', 'web3', 'valu', 'display', 'null']"
How can I install self-signed SSL in eth-netstats? So I can run fronted with HTTPS.,340,open,https://github.com/cubedro/eth-netstats/issues/340,cubedro/eth-netstats,"['how', 'i', 'install', 'selfsigned', 'ssl', 'ethnetstats', 'so', 'i', 'run', 'fronted', 'https']","['how', 'i', 'instal', 'self', 'sign', 'ssl', 'eth', 'netstat', 'so', 'i', 'run', 'front', 'http']"
"On goerli ethstats, one of the clients causes server to crash",339,open,https://github.com/cubedro/eth-netstats/issues/339,cubedro/eth-netstats,"['on', 'goerli', 'ethstats', 'one', 'client', 'cause', 'server', 'crash']","['on', 'goerli', 'ethstat', 'one', 'client', 'caus', 'server', 'crash']"
Maintained version from Gangnam Testnet repo,338,closed,https://github.com/cubedro/eth-netstats/issues/338,cubedro/eth-netstats,"['maintained', 'version', 'gangnam', 'testnet', 'repo']","['maintain', 'version', 'gangnam', 'testnet', 'repo']"
maintained version is available at goerli/ethstats-server,337,closed,https://github.com/cubedro/eth-netstats/issues/337,cubedro/eth-netstats,"['maintained', 'version', 'available', 'goerliethstatsserver']","['maintain', 'version', 'avail', 'goerli', 'ethstat', 'server']"
GA update,336,closed,https://github.com/cubedro/eth-netstats/issues/336,cubedro/eth-netstats,"['ga', 'update']","['ga', 'updat']"
Questions about ethstats,335,closed,https://github.com/cubedro/eth-netstats/issues/335,cubedro/eth-netstats,"['questions', 'ethstats']","['question', 'ethstat']"
how can I start a new similar eth-netstats server on our own blockchain ,334,open,https://github.com/cubedro/eth-netstats/issues/334,cubedro/eth-netstats,"['i', 'start', 'new', 'similar', 'ethnetstats', 'server', 'blockchain']","['i', 'start', 'new', 'similar', 'eth', 'netstat', 'server', 'blockchain']"
Name update,333,open,https://github.com/cubedro/eth-netstats/issues/333,cubedro/eth-netstats,"['name', 'update']","['name', 'updat']"
Update README.md,332,closed,https://github.com/cubedro/eth-netstats/issues/332,cubedro/eth-netstats,"['update', 'readmemd']","['updat', 'readm', 'md']"
Markdown fix + Dockerfile added + Location fix + Responsive design + Bug fixed,331,open,https://github.com/cubedro/eth-netstats/issues/331,cubedro/eth-netstats,"['markdown', 'fix', 'dockerfile', 'added', 'location', 'fix', 'responsive', 'design', 'bug', 'fixed']","['markdown', 'fix', 'dockerfil', 'ad', 'locat', 'fix', 'respons', 'design', 'bug', 'fix']"
can we run eth-netstats with a network that uses PoA ?,330,open,https://github.com/cubedro/eth-netstats/issues/330,cubedro/eth-netstats,"['run', 'ethnetstats', 'network', 'us', 'poa']","['run', 'eth', 'netstat', 'network', 'use', 'poa']"
Error: [$interpolate:interr],329,open,https://github.com/cubedro/eth-netstats/issues/329,cubedro/eth-netstats,"['error', 'interpolateinterr']","['error', 'interpol', 'interr']"
I cant see running nodes,328,open,https://github.com/cubedro/eth-netstats/issues/328,cubedro/eth-netstats,"['i', 'cant', 'see', 'running', 'node']","['i', 'cant', 'see', 'run', 'node']"
[wip] feature/review stats,327,closed,https://github.com/cubedro/eth-netstats/issues/327,cubedro/eth-netstats,"['wip', 'featurereview', 'stats']","['wip', 'featur', 'review', 'stat']"
Adding Dockerfile,326,closed,https://github.com/cubedro/eth-netstats/issues/326,cubedro/eth-netstats,"['adding', 'dockerfile']","['ad', 'dockerfil']"
ethstats.net - some infos missing,325,open,https://github.com/cubedro/eth-netstats/issues/325,cubedro/eth-netstats,"['ethstatsnet', 'info', 'missing']","['ethstat', 'net', 'info', 'miss']"
where can get the list of node ?,324,open,https://github.com/cubedro/eth-netstats/issues/324,cubedro/eth-netstats,"['get', 'list', 'node']","['get', 'list', 'node']"
2018-04-27 02:32:45.844 [API] WS_SECRET NOT SET!!!,323,open,https://github.com/cubedro/eth-netstats/issues/323,cubedro/eth-netstats,"['20180427', '023245844', 'api', 'ws_secret', 'not', 'set']","['2018', '04', '27', '02', '32', '45', '844', 'api', 'ws_secret', 'not', 'set']"
Fixing Netstats.min library (Using remote instead locally),322,open,https://github.com/cubedro/eth-netstats/issues/322,cubedro/eth-netstats,"['fixing', 'netstatsmin', 'library', 'using', 'remote', 'instead', 'locally']","['fix', 'netstat', 'min', 'librari', 'use', 'remot', 'instead', 'local']"
Node package,321,open,https://github.com/cubedro/eth-netstats/issues/321,cubedro/eth-netstats,"['node', 'package']","['node', 'packag']"
Netstats.min libraries not found launching eth-netstats,320,open,https://github.com/cubedro/eth-netstats/issues/320,cubedro/eth-netstats,"['netstatsmin', 'library', 'found', 'launching', 'ethnetstats']","['netstat', 'min', 'librari', 'found', 'launch', 'eth', 'netstat']"
ethstats.net backend (WebSocket) down (502 error),319,closed,https://github.com/cubedro/eth-netstats/issues/319,cubedro/eth-netstats,"['ethstatsnet', 'backend', 'websocket', '502', 'error']","['ethstat', 'net', 'backend', 'websocket', '502', 'error']"
Added rate,318,closed,https://github.com/cubedro/eth-netstats/issues/318,cubedro/eth-netstats,"['added', 'rate']","['ad', 'rate']"
 Any of the connected node does not show up on the world map,317,open,https://github.com/cubedro/eth-netstats/issues/317,cubedro/eth-netstats,"['any', 'connected', 'node', 'show', 'world', 'map']","['ani', 'connect', 'node', 'show', 'world', 'map']"
pm2 module does not detect running node,316,closed,https://github.com/cubedro/eth-netstats/issues/316,cubedro/eth-netstats,"['pm2', 'module', 'detect', 'running', 'node']","['pm2', 'modul', 'detect', 'run', 'node']"
Get correct location information | Show location if not showing,315,open,https://github.com/cubedro/eth-netstats/issues/315,cubedro/eth-netstats,"['get', 'correct', 'location', 'information', 'show', 'location', 'showing']","['get', 'correct', 'locat', 'inform', 'show', 'locat', 'show']"
Support run eth-netstats with docker,314,open,https://github.com/cubedro/eth-netstats/issues/314,cubedro/eth-netstats,"['support', 'run', 'ethnetstats', 'docker']","['support', 'run', 'eth', 'netstat', 'docker']"
start/stop miner status not correct,313,open,https://github.com/cubedro/eth-netstats/issues/313,cubedro/eth-netstats,"['startstop', 'miner', 'status', 'correct']","['start', 'stop', 'miner', 'statu', 'correct']"
gas price,312,open,https://github.com/cubedro/eth-netstats/issues/312,cubedro/eth-netstats,"['gas', 'price']","['ga', 'price']"
Fix Readme,311,closed,https://github.com/cubedro/eth-netstats/issues/311,cubedro/eth-netstats,"['fix', 'readme']","['fix', 'readm']"
SSL Certificate has expired,310,closed,https://github.com/cubedro/eth-netstats/issues/310,cubedro/eth-netstats,"['ssl', 'certificate', 'expired']","['ssl', 'certif', 'expir']"
Documentation for deploying to Heroku,309,open,https://github.com/cubedro/eth-netstats/issues/309,cubedro/eth-netstats,"['documentation', 'deploying', 'heroku']","['document', 'deploy', 'heroku']"
"Difficulty displayed as ""0.00 H"" when it's over 1 PH",308,open,https://github.com/cubedro/eth-netstats/issues/308,cubedro/eth-netstats,"['difficulty', 'displayed', '000', 'h', '1', 'ph']","['difficulti', 'display', '0', '00', 'h', '1', 'ph']"
block time,307,open,https://github.com/cubedro/eth-netstats/issues/307,cubedro/eth-netstats,"['block', 'time']","['block', 'time']"
Private chains,306,open,https://github.com/cubedro/eth-netstats/issues/306,cubedro/eth-netstats,"['private', 'chain']","['privat', 'chain']"
Fix broken headings in Markdown files,305,open,https://github.com/cubedro/eth-netstats/issues/305,cubedro/eth-netstats,"['fix', 'broken', 'heading', 'markdown', 'file']","['fix', 'broken', 'head', 'markdown', 'file']"
Update to readme.md for PM2 usage,304,open,https://github.com/cubedro/eth-netstats/issues/304,cubedro/eth-netstats,"['update', 'readmemd', 'pm2', 'usage']","['updat', 'readm', 'md', 'pm2', 'usag']"
Fix block history if chain is shorted than MAX_HISTORY,303,open,https://github.com/cubedro/eth-netstats/issues/303,cubedro/eth-netstats,"['fix', 'block', 'history', 'chain', 'shorted', 'max_history']","['fix', 'block', 'histori', 'chain', 'short', 'max_histori']"
fixed buggy if,302,closed,https://github.com/cubedro/eth-netstats/issues/302,cubedro/eth-netstats,"['fixed', 'buggy']","['fix', 'buggi']"
better history handling,301,closed,https://github.com/cubedro/eth-netstats/issues/301,cubedro/eth-netstats,"['better', 'history', 'handling']","['better', 'histori', 'handl']"
fixed canUpdateHistory,300,closed,https://github.com/cubedro/eth-netstats/issues/300,cubedro/eth-netstats,"['fixed', 'canupdatehistory']","['fix', 'canupdatehistori']"
added another trusted ip,299,closed,https://github.com/cubedro/eth-netstats/issues/299,cubedro/eth-netstats,"['added', 'another', 'trusted', 'ip']","['ad', 'anoth', 'trust', 'ip']"
Fixed client-side error spam when a node has non-standard node info; updated ws deps,298,closed,https://github.com/cubedro/eth-netstats/issues/298,cubedro/eth-netstats,"['fixed', 'clientside', 'error', 'spam', 'node', 'nonstandard', 'node', 'info', 'updated', 'w', 'deps']","['fix', 'client', 'side', 'error', 'spam', 'node', 'non', 'standard', 'node', 'info', 'updat', 'ws', 'dep']"
Transaction status not updated properly in the graph,297,open,https://github.com/cubedro/eth-netstats/issues/297,cubedro/eth-netstats,"['transaction', 'status', 'updated', 'properly', 'graph']","['transact', 'statu', 'updat', 'properli', 'graph']"
RangeError: out of range index,296,open,https://github.com/cubedro/eth-netstats/issues/296,cubedro/eth-netstats,"['rangeerror', 'range', 'index']","['rangeerror', 'rang', 'index']"
Nginx config,295,closed,https://github.com/cubedro/eth-netstats/issues/295,cubedro/eth-netstats,"['nginx', 'config']","['nginx', 'config']"
changed ga tracking code,294,closed,https://github.com/cubedro/eth-netstats/issues/294,cubedro/eth-netstats,"['changed', 'ga', 'tracking', 'code']","['chang', 'ga', 'track', 'code']"
"Eth-netstat GUI is showing ""offline"" status for local node (which is running)",293,open,https://github.com/cubedro/eth-netstats/issues/293,cubedro/eth-netstats,"['ethnetstat', 'gui', 'showing', 'offline', 'status', 'local', 'node', 'running']","['eth', 'netstat', 'gui', 'show', 'offlin', 'statu', 'local', 'node', 'run']"
bumped ethstats client version,292,closed,https://github.com/cubedro/eth-netstats/issues/292,cubedro/eth-netstats,"['bumped', 'ethstats', 'client', 'version']","['bump', 'ethstat', 'client', 'version']"
netstats.min.js does not exist,291,closed,https://github.com/cubedro/eth-netstats/issues/291,cubedro/eth-netstats,"['netstatsminjs', 'exist']","['netstat', 'min', 'js', 'exist']"
"""Private"" EthStat behind proxy - empty portal",290,closed,https://github.com/cubedro/eth-netstats/issues/290,cubedro/eth-netstats,"['private', 'ethstat', 'behind', 'proxy', 'empty', 'portal']","['privat', 'ethstat', 'behind', 'proxi', 'empti', 'portal']"
Sorting by average propagation time,289,open,https://github.com/cubedro/eth-netstats/issues/289,cubedro/eth-netstats,"['sorting', 'average', 'propagation', 'time']","['sort', 'averag', 'propag', 'time']"
 WS_SECRET NOT SET!!!,288,closed,https://github.com/cubedro/eth-netstats/issues/288,cubedro/eth-netstats,"['ws_secret', 'not', 'set']","['ws_secret', 'not', 'set']"
Updated analytics code,287,closed,https://github.com/cubedro/eth-netstats/issues/287,cubedro/eth-netstats,"['updated', 'analytics', 'code']","['updat', 'analyt', 'code']"
Added isSyncing support,286,closed,https://github.com/cubedro/eth-netstats/issues/286,cubedro/eth-netstats,"['added', 'issyncing', 'support']","['ad', 'issync', 'support']"
Fixed #284,285,closed,https://github.com/cubedro/eth-netstats/issues/285,cubedro/eth-netstats,"['fixed', '284']","['fix', '284']"
Can't start eth-netstats. fnName is not defined.,284,closed,https://github.com/cubedro/eth-netstats/issues/284,cubedro/eth-netstats,"['cant', 'start', 'ethnetstats', 'fnname', 'defined']","['can', 'start', 'eth', 'netstat', 'fnname', 'defin']"
less logging,283,closed,https://github.com/cubedro/eth-netstats/issues/283,cubedro/eth-netstats,"['le', 'logging']","['less', 'log']"
fixed history sync bug,282,closed,https://github.com/cubedro/eth-netstats/issues/282,cubedro/eth-netstats,"['fixed', 'history', 'sync', 'bug']","['fix', 'histori', 'sync', 'bug']"
made all nodes trusted,281,closed,https://github.com/cubedro/eth-netstats/issues/281,cubedro/eth-netstats,"['made', 'node', 'trusted']","['made', 'node', 'trust']"
removed trusted node check for history update,280,closed,https://github.com/cubedro/eth-netstats/issues/280,cubedro/eth-netstats,"['removed', 'trusted', 'node', 'check', 'history', 'update']","['remov', 'trust', 'node', 'check', 'histori', 'updat']"
added another node to trusted ips,279,closed,https://github.com/cubedro/eth-netstats/issues/279,cubedro/eth-netstats,"['added', 'another', 'node', 'trusted', 'ip']","['ad', 'anoth', 'node', 'trust', 'ip']"
Changed avg blocktime to be calculated from the entire history,278,closed,https://github.com/cubedro/eth-netstats/issues/278,cubedro/eth-netstats,"['changed', 'avg', 'blocktime', 'calculated', 'entire', 'history']","['chang', 'avg', 'blocktim', 'calcul', 'entir', 'histori']"
SECURITY ALERT,277,open,https://github.com/cubedro/eth-netstats/issues/277,cubedro/eth-netstats,"['security', 'alert']","['secur', 'alert']"
Updated security alert,276,closed,https://github.com/cubedro/eth-netstats/issues/276,cubedro/eth-netstats,"['updated', 'security', 'alert']","['updat', 'secur', 'alert']"
added attention warning,275,closed,https://github.com/cubedro/eth-netstats/issues/275,cubedro/eth-netstats,"['added', 'attention', 'warning']","['ad', 'attent', 'warn']"
Changed security alert to latest,274,closed,https://github.com/cubedro/eth-netstats/issues/274,cubedro/eth-netstats,"['changed', 'security', 'alert', 'latest']","['chang', 'secur', 'alert', 'latest']"
disabled node connection notifications,273,closed,https://github.com/cubedro/eth-netstats/issues/273,cubedro/eth-netstats,"['disabled', 'node', 'connection', 'notification']","['disabl', 'node', 'connect', 'notif']"
updated block time colors,272,closed,https://github.com/cubedro/eth-netstats/issues/272,cubedro/eth-netstats,"['updated', 'block', 'time', 'color']","['updat', 'block', 'time', 'color']"
fixed secret bug,271,closed,https://github.com/cubedro/eth-netstats/issues/271,cubedro/eth-netstats,"['fixed', 'secret', 'bug']","['fix', 'secret', 'bug']"
updated dependency libraries,270,closed,https://github.com/cubedro/eth-netstats/issues/270,cubedro/eth-netstats,"['updated', 'dependency', 'library']","['updat', 'depend', 'librari']"
changed olympic block announcement color to orange,269,closed,https://github.com/cubedro/eth-netstats/issues/269,cubedro/eth-netstats,"['changed', 'olympic', 'block', 'announcement', 'color', 'orange']","['chang', 'olymp', 'block', 'announc', 'color', 'orang']"
added back olympic block to lite version,268,closed,https://github.com/cubedro/eth-netstats/issues/268,cubedro/eth-netstats,"['added', 'back', 'olympic', 'block', 'lite', 'version']","['ad', 'back', 'olymp', 'block', 'lite', 'version']"
Added security alert blog post,267,closed,https://github.com/cubedro/eth-netstats/issues/267,cubedro/eth-netstats,"['added', 'security', 'alert', 'blog', 'post']","['ad', 'secur', 'alert', 'blog', 'post']"
WS_SECRET json accepts object,266,closed,https://github.com/cubedro/eth-netstats/issues/266,cubedro/eth-netstats,"['ws_secret', 'json', 'accepts', 'object']","['ws_secret', 'json', 'accept', 'object']"
secret from js to json,265,closed,https://github.com/cubedro/eth-netstats/issues/265,cubedro/eth-netstats,"['secret', 'j', 'json']","['secret', 'js', 'json']"
fixed WS_SECRET bug,264,closed,https://github.com/cubedro/eth-netstats/issues/264,cubedro/eth-netstats,"['fixed', 'ws_secret', 'bug']","['fix', 'ws_secret', 'bug']"
fixed WS_SECRET if no pipe line found,263,closed,https://github.com/cubedro/eth-netstats/issues/263,cubedro/eth-netstats,"['fixed', 'ws_secret', 'pipe', 'line', 'found']","['fix', 'ws_secret', 'pipe', 'line', 'found']"
Merge pull request #261 from cubedro/master,262,closed,https://github.com/cubedro/eth-netstats/issues/262,cubedro/eth-netstats,"['merge', 'pull', 'request', '261', 'cubedromaster']","['merg', 'pull', 'request', '261', 'cubedro', 'master']"
Update from master,261,closed,https://github.com/cubedro/eth-netstats/issues/261,cubedro/eth-netstats,"['update', 'master']","['updat', 'master']"
Added secret split by | char,260,closed,https://github.com/cubedro/eth-netstats/issues/260,cubedro/eth-netstats,"['added', 'secret', 'split', 'char']","['ad', 'secret', 'split', 'char']"
Added multiple secrets,259,closed,https://github.com/cubedro/eth-netstats/issues/259,cubedro/eth-netstats,"['added', 'multiple', 'secret']","['ad', 'multipl', 'secret']"
Merge pull request #257 from cubedro/master,258,closed,https://github.com/cubedro/eth-netstats/issues/258,cubedro/eth-netstats,"['merge', 'pull', 'request', '257', 'cubedromaster']","['merg', 'pull', 'request', '257', 'cubedro', 'master']"
update from master,257,closed,https://github.com/cubedro/eth-netstats/issues/257,cubedro/eth-netstats,"['update', 'master']","['updat', 'master']"
Merge pull request #255 from cubedro/master,256,closed,https://github.com/cubedro/eth-netstats/issues/256,cubedro/eth-netstats,"['merge', 'pull', 'request', '255', 'cubedromaster']","['merg', 'pull', 'request', '255', 'cubedro', 'master']"
Update from master,255,closed,https://github.com/cubedro/eth-netstats/issues/255,cubedro/eth-netstats,"['update', 'master']","['updat', 'master']"
Merge pull request #253 from cubedro/master,254,closed,https://github.com/cubedro/eth-netstats/issues/254,cubedro/eth-netstats,"['merge', 'pull', 'request', '253', 'cubedromaster']","['merg', 'pull', 'request', '253', 'cubedro', 'master']"
Update from master,253,closed,https://github.com/cubedro/eth-netstats/issues/253,cubedro/eth-netstats,"['update', 'master']","['updat', 'master']"
removed ip from display,252,closed,https://github.com/cubedro/eth-netstats/issues/252,cubedro/eth-netstats,"['removed', 'ip', 'display']","['remov', 'ip', 'display']"
stats.ethdev on error on Chrome - OSX,251,closed,https://github.com/cubedro/eth-netstats/issues/251,cubedro/eth-netstats,"['statsethdev', 'error', 'chrome', 'osx']","['stat', 'ethdev', 'error', 'chrome', 'osx']"
Develop,250,closed,https://github.com/cubedro/eth-netstats/issues/250,cubedro/eth-netstats,['develop'],['develop']
Merge pull request #248 from cubedro/gasLimit,249,closed,https://github.com/cubedro/eth-netstats/issues/249,cubedro/eth-netstats,"['merge', 'pull', 'request', '248', 'cubedrogaslimit']","['merg', 'pull', 'request', '248', 'cubedro', 'gaslimit']"
Gas limit,248,closed,https://github.com/cubedro/eth-netstats/issues/248,cubedro/eth-netstats,"['gas', 'limit']","['ga', 'limit']"
Add gas limit chart,247,closed,https://github.com/cubedro/eth-netstats/issues/247,cubedro/eth-netstats,"['add', 'gas', 'limit', 'chart']","['add', 'ga', 'limit', 'chart']"
Removed olympic block 1028201,246,closed,https://github.com/cubedro/eth-netstats/issues/246,cubedro/eth-netstats,"['removed', 'olympic', 'block', '1028201']","['remov', 'olymp', 'block', '1028201']"
ng-cloak,245,closed,https://github.com/cubedro/eth-netstats/issues/245,cubedro/eth-netstats,['ngcloak'],"['ng', 'cloak']"
Fixed total difficulty display,244,closed,https://github.com/cubedro/eth-netstats/issues/244,cubedro/eth-netstats,"['fixed', 'total', 'difficulty', 'display']","['fix', 'total', 'difficulti', 'display']"
History doesn't get downloaded,243,closed,https://github.com/cubedro/eth-netstats/issues/243,cubedro/eth-netstats,"['history', 'doesnt', 'get', 'downloaded']","['histori', 'get', 'download']"
Fixed grunt-cli in readme.md,242,closed,https://github.com/cubedro/eth-netstats/issues/242,cubedro/eth-netstats,"['fixed', 'gruntcli', 'readmemd']","['fix', 'grunt', 'cli', 'readm', 'md']"
Consider making publication of a node's IP address optional,241,closed,https://github.com/cubedro/eth-netstats/issues/241,cubedro/eth-netstats,"['consider', 'making', 'publication', 'node', 'ip', 'address', 'optional']","['consid', 'make', 'public', 'node', 'ip', 'address', 'option']"
Fixed chart blocktime colorcode,240,closed,https://github.com/cubedro/eth-netstats/issues/240,cubedro/eth-netstats,"['fixed', 'chart', 'blocktime', 'colorcode']","['fix', 'chart', 'blocktim', 'colorcod']"
Fixed target blocktime colorcode,239,closed,https://github.com/cubedro/eth-netstats/issues/239,cubedro/eth-netstats,"['fixed', 'target', 'blocktime', 'colorcode']","['fix', 'target', 'blocktim', 'colorcod']"
Added banned ip,238,closed,https://github.com/cubedro/eth-netstats/issues/238,cubedro/eth-netstats,"['added', 'banned', 'ip']","['ad', 'ban', 'ip']"
added 2 decimals to avg block time,237,closed,https://github.com/cubedro/eth-netstats/issues/237,cubedro/eth-netstats,"['added', '2', 'decimal', 'avg', 'block', 'time']","['ad', '2', 'decim', 'avg', 'block', 'time']"
added another node to trusted nodes,236,closed,https://github.com/cubedro/eth-netstats/issues/236,cubedro/eth-netstats,"['added', 'another', 'node', 'trusted', 'node']","['ad', 'anoth', 'node', 'trust', 'node']"
removed warning icon,235,closed,https://github.com/cubedro/eth-netstats/issues/235,cubedro/eth-netstats,"['removed', 'warning', 'icon']","['remov', 'warn', 'icon']"
added more nodes to config,234,closed,https://github.com/cubedro/eth-netstats/issues/234,cubedro/eth-netstats,"['added', 'node', 'config']","['ad', 'node', 'config']"
Added genesis hash,233,closed,https://github.com/cubedro/eth-netstats/issues/233,cubedro/eth-netstats,"['added', 'genesis', 'hash']","['ad', 'genesi', 'hash']"
Removed unnecessary boxes from LITE version,232,closed,https://github.com/cubedro/eth-netstats/issues/232,cubedro/eth-netstats,"['removed', 'unnecessary', 'box', 'lite', 'version']","['remov', 'unnecessari', 'box', 'lite', 'version']"
Added announcements box to LITE version,231,closed,https://github.com/cubedro/eth-netstats/issues/231,cubedro/eth-netstats,"['added', 'announcement', 'box', 'lite', 'version']","['ad', 'announc', 'box', 'lite', 'version']"
Added olympic block #1028201 hash display box,230,closed,https://github.com/cubedro/eth-netstats/issues/230,cubedro/eth-netstats,"['added', 'olympic', 'block', '1028201', 'hash', 'display', 'box']","['ad', 'olymp', 'block', '1028201', 'hash', 'display', 'box']"
Added 2 boxes per line for sm screens,229,closed,https://github.com/cubedro/eth-netstats/issues/229,cubedro/eth-netstats,"['added', '2', 'box', 'per', 'line', 'sm', 'screen']","['ad', '2', 'box', 'per', 'line', 'sm', 'screen']"
Fixed small box size,228,closed,https://github.com/cubedro/eth-netstats/issues/228,cubedro/eth-netstats,"['fixed', 'small', 'box', 'size']","['fix', 'small', 'box', 'size']"
Fixed box sizing in lite version,227,closed,https://github.com/cubedro/eth-netstats/issues/227,cubedro/eth-netstats,"['fixed', 'box', 'sizing', 'lite', 'version']","['fix', 'box', 'size', 'lite', 'version']"
Styling changes on LITE version,226,closed,https://github.com/cubedro/eth-netstats/issues/226,cubedro/eth-netstats,"['styling', 'change', 'lite', 'version']","['style', 'chang', 'lite', 'version']"
fixed nodes stats class,225,closed,https://github.com/cubedro/eth-netstats/issues/225,cubedro/eth-netstats,"['fixed', 'node', 'stats', 'class']","['fix', 'node', 'stat', 'class']"
Fixed nodes status,224,closed,https://github.com/cubedro/eth-netstats/issues/224,cubedro/eth-netstats,"['fixed', 'node', 'status']","['fix', 'node', 'statu']"
Fixed broken lite version,223,closed,https://github.com/cubedro/eth-netstats/issues/223,cubedro/eth-netstats,"['fixed', 'broken', 'lite', 'version']","['fix', 'broken', 'lite', 'version']"
Grunt all task & readme.md update,222,closed,https://github.com/cubedro/eth-netstats/issues/222,cubedro/eth-netstats,"['grunt', 'task', 'readmemd', 'update']","['grunt', 'task', 'readm', 'md', 'updat']"
Removed dist dirs from repo and added them to .gitignore,221,closed,https://github.com/cubedro/eth-netstats/issues/221,cubedro/eth-netstats,"['removed', 'dist', 'dirs', 'repo', 'added', 'gitignore']","['remov', 'dist', 'dir', 'repo', 'ad', 'gitignor']"
Added grunt tasks for dist-lite,220,closed,https://github.com/cubedro/eth-netstats/issues/220,cubedro/eth-netstats,"['added', 'grunt', 'task', 'distlite']","['ad', 'grunt', 'task', 'dist', 'lite']"
added LITE env var in express render,219,closed,https://github.com/cubedro/eth-netstats/issues/219,cubedro/eth-netstats,"['added', 'lite', 'env', 'var', 'express', 'render']","['ad', 'lite', 'env', 'var', 'express', 'render']"
Lite version improvements,218,closed,https://github.com/cubedro/eth-netstats/issues/218,cubedro/eth-netstats,"['lite', 'version', 'improvement']","['lite', 'version', 'improv']"
Fixed fork detection bug,217,closed,https://github.com/cubedro/eth-netstats/issues/217,cubedro/eth-netstats,"['fixed', 'fork', 'detection', 'bug']","['fix', 'fork', 'detect', 'bug']"
https://stats.ethdev.com/ websocket is down,216,closed,https://github.com/cubedro/eth-netstats/issues/216,cubedro/eth-netstats,"['httpsstatsethdevcom', 'websocket']","['http', 'stat', 'ethdev', 'com', 'websocket']"
Removed nonce from block comparison,215,closed,https://github.com/cubedro/eth-netstats/issues/215,cubedro/eth-netstats,"['removed', 'nonce', 'block', 'comparison']","['remov', 'nonc', 'block', 'comparison']"
version 0.0.9,214,closed,https://github.com/cubedro/eth-netstats/issues/214,cubedro/eth-netstats,"['version', '009']","['version', '0', '0', '9']"
Lite improvements,213,closed,https://github.com/cubedro/eth-netstats/issues/213,cubedro/eth-netstats,"['lite', 'improvement']","['lite', 'improv']"
Lite version,212,closed,https://github.com/cubedro/eth-netstats/issues/212,cubedro/eth-netstats,"['lite', 'version']","['lite', 'version']"
Removed second row graphs,211,closed,https://github.com/cubedro/eth-netstats/issues/211,cubedro/eth-netstats,"['removed', 'second', 'row', 'graph']","['remov', 'second', 'row', 'graph']"
Lite version,210,closed,https://github.com/cubedro/eth-netstats/issues/210,cubedro/eth-netstats,"['lite', 'version']","['lite', 'version']"
Structured logging of incoming data,209,open,https://github.com/cubedro/eth-netstats/issues/209,cubedro/eth-netstats,"['structured', 'logging', 'incoming', 'data']","['structur', 'log', 'incom', 'data']"
Break front-end and back-end into 2 repos,208,closed,https://github.com/cubedro/eth-netstats/issues/208,cubedro/eth-netstats,"['break', 'frontend', 'backend', '2', 'repos']","['break', 'front', 'end', 'back', 'end', '2', 'repo']"
Page latency keeps increasing forever,207,closed,https://github.com/cubedro/eth-netstats/issues/207,cubedro/eth-netstats,"['page', 'latency', 'keep', 'increasing', 'forever']","['page', 'latenc', 'keep', 'increas', 'forev']"
Bumped client version to 0.0.16,206,closed,https://github.com/cubedro/eth-netstats/issues/206,cubedro/eth-netstats,"['bumped', 'client', 'version', '0016']","['bump', 'client', 'version', '0', '0', '16']"
Removed miner name from last blocks miners,205,closed,https://github.com/cubedro/eth-netstats/issues/205,cubedro/eth-netstats,"['removed', 'miner', 'name', 'last', 'block', 'miner']","['remov', 'miner', 'name', 'last', 'block', 'miner']"
Added 2 way communication for latest block on external api,204,closed,https://github.com/cubedro/eth-netstats/issues/204,cubedro/eth-netstats,"['added', '2', 'way', 'communication', 'latest', 'block', 'external', 'api']","['ad', '2', 'way', 'commun', 'latest', 'block', 'extern', 'api']"
bestBlock -> lastBlock,203,closed,https://github.com/cubedro/eth-netstats/issues/203,cubedro/eth-netstats,"['bestblock', 'lastblock']","['bestblock', 'lastblock']"
Added external api for best block,202,closed,https://github.com/cubedro/eth-netstats/issues/202,cubedro/eth-netstats,"['added', 'external', 'api', 'best', 'block']","['ad', 'extern', 'api', 'best', 'block']"
Added gas price rounding,201,closed,https://github.com/cubedro/eth-netstats/issues/201,cubedro/eth-netstats,"['added', 'gas', 'price', 'rounding']","['ad', 'ga', 'price', 'round']"
Add API,200,closed,https://github.com/cubedro/eth-netstats/issues/200,cubedro/eth-netstats,"['add', 'api']","['add', 'api']"
Bumped client version to 0.0.15,199,closed,https://github.com/cubedro/eth-netstats/issues/199,cubedro/eth-netstats,"['bumped', 'client', 'version', '0015']","['bump', 'client', 'version', '0', '0', '15']"
Removed size from block comparison,198,closed,https://github.com/cubedro/eth-netstats/issues/198,cubedro/eth-netstats,"['removed', 'size', 'block', 'comparison']","['remov', 'size', 'block', 'comparison']"
fixed blocktime,197,closed,https://github.com/cubedro/eth-netstats/issues/197,cubedro/eth-netstats,"['fixed', 'blocktime']","['fix', 'blocktim']"
Removed trusted from charts,196,closed,https://github.com/cubedro/eth-netstats/issues/196,cubedro/eth-netstats,"['removed', 'trusted', 'chart']","['remov', 'trust', 'chart']"
fixed frontent max block,195,closed,https://github.com/cubedro/eth-netstats/issues/195,cubedro/eth-netstats,"['fixed', 'frontent', 'max', 'block']","['fix', 'frontent', 'max', 'block']"
fixed serverTime,194,closed,https://github.com/cubedro/eth-netstats/issues/194,cubedro/eth-netstats,"['fixed', 'servertime']","['fix', 'servertim']"
fixed bug,193,closed,https://github.com/cubedro/eth-netstats/issues/193,cubedro/eth-netstats,"['fixed', 'bug']","['fix', 'bug']"
Updated trusted nodes list,192,closed,https://github.com/cubedro/eth-netstats/issues/192,cubedro/eth-netstats,"['updated', 'trusted', 'node', 'list']","['updat', 'trust', 'node', 'list']"
Performance improvements,191,closed,https://github.com/cubedro/eth-netstats/issues/191,cubedro/eth-netstats,"['performance', 'improvement']","['perform', 'improv']"
Updated trusted nodes,190,closed,https://github.com/cubedro/eth-netstats/issues/190,cubedro/eth-netstats,"['updated', 'trusted', 'node']","['updat', 'trust', 'node']"
Cleanup,189,closed,https://github.com/cubedro/eth-netstats/issues/189,cubedro/eth-netstats,['cleanup'],['cleanup']
app.js refactoring,188,closed,https://github.com/cubedro/eth-netstats/issues/188,cubedro/eth-netstats,"['appjs', 'refactoring']","['app', 'js', 'refactor']"
Added fork check,187,closed,https://github.com/cubedro/eth-netstats/issues/187,cubedro/eth-netstats,"['added', 'fork', 'check']","['ad', 'fork', 'check']"
Added clean blocks higher than best block,186,closed,https://github.com/cubedro/eth-netstats/issues/186,cubedro/eth-netstats,"['added', 'clean', 'block', 'higher', 'best', 'block']","['ad', 'clean', 'block', 'higher', 'best', 'block']"
Added bad block check,185,closed,https://github.com/cubedro/eth-netstats/issues/185,cubedro/eth-netstats,"['added', 'bad', 'block', 'check']","['ad', 'bad', 'block', 'check']"
Fixed bugs,184,closed,https://github.com/cubedro/eth-netstats/issues/184,cubedro/eth-netstats,"['fixed', 'bug']","['fix', 'bug']"
Non-blocking collection,183,closed,https://github.com/cubedro/eth-netstats/issues/183,cubedro/eth-netstats,"['nonblocking', 'collection']","['non', 'block', 'collect']"
Fixed log section bug,182,closed,https://github.com/cubedro/eth-netstats/issues/182,cubedro/eth-netstats,"['fixed', 'log', 'section', 'bug']","['fix', 'log', 'section', 'bug']"
Show running history of last blocks mined,181,open,https://github.com/cubedro/eth-netstats/issues/181,cubedro/eth-netstats,"['show', 'running', 'history', 'last', 'block', 'mined']","['show', 'run', 'histori', 'last', 'block', 'mine']"
Zoomed-in map gets new nodes drawn as if it was zoomed-out,180,closed,https://github.com/cubedro/eth-netstats/issues/180,cubedro/eth-netstats,"['zoomedin', 'map', 'get', 'new', 'node', 'drawn', 'zoomedout']","['zoom', 'map', 'get', 'new', 'node', 'drawn', 'zoom']"
fixed log error,179,closed,https://github.com/cubedro/eth-netstats/issues/179,cubedro/eth-netstats,"['fixed', 'log', 'error']","['fix', 'log', 'error']"
Logging improvements,178,closed,https://github.com/cubedro/eth-netstats/issues/178,cubedro/eth-netstats,"['logging', 'improvement']","['log', 'improv']"
Node model refactoring,177,closed,https://github.com/cubedro/eth-netstats/issues/177,cubedro/eth-netstats,"['node', 'model', 'refactoring']","['node', 'model', 'refactor']"
Formated logs,176,closed,https://github.com/cubedro/eth-netstats/issues/176,cubedro/eth-netstats,"['formated', 'log']","['format', 'log']"
Improved logging,175,closed,https://github.com/cubedro/eth-netstats/issues/175,cubedro/eth-netstats,"['improved', 'logging']","['improv', 'log']"
Added analytics,174,closed,https://github.com/cubedro/eth-netstats/issues/174,cubedro/eth-netstats,"['added', 'analytics']","['ad', 'analyt']"
Added sorting and pinned nodes local storage fixes #162 and #159,173,closed,https://github.com/cubedro/eth-netstats/issues/173,cubedro/eth-netstats,"['added', 'sorting', 'pinned', 'node', 'local', 'storage', 'fix', '162', '159']","['ad', 'sort', 'pin', 'node', 'local', 'storag', 'fix', '162', '159']"
fixed bug,172,closed,https://github.com/cubedro/eth-netstats/issues/172,cubedro/eth-netstats,"['fixed', 'bug']","['fix', 'bug']"
fixed client latency,171,closed,https://github.com/cubedro/eth-netstats/issues/171,cubedro/eth-netstats,"['fixed', 'client', 'latency']","['fix', 'client', 'latenc']"
Latency update,170,closed,https://github.com/cubedro/eth-netstats/issues/170,cubedro/eth-netstats,"['latency', 'update']","['latenc', 'updat']"
Version 0.0.8,169,closed,https://github.com/cubedro/eth-netstats/issues/169,cubedro/eth-netstats,"['version', '008']","['version', '0', '0', '8']"
Change current block if fork detected,168,closed,https://github.com/cubedro/eth-netstats/issues/168,cubedro/eth-netstats,"['change', 'current', 'block', 'fork', 'detected']","['chang', 'current', 'block', 'fork', 'detect']"
Added stats as different method,167,closed,https://github.com/cubedro/eth-netstats/issues/167,cubedro/eth-netstats,"['added', 'stats', 'different', 'method']","['ad', 'stat', 'differ', 'method']"
Fixed add block error,166,closed,https://github.com/cubedro/eth-netstats/issues/166,cubedro/eth-netstats,"['fixed', 'add', 'block', 'error']","['fix', 'add', 'block', 'error']"
AddBlock as a separate call,165,closed,https://github.com/cubedro/eth-netstats/issues/165,cubedro/eth-netstats,"['addblock', 'separate', 'call']","['addblock', 'separ', 'call']"
Added pending as a separate call,164,closed,https://github.com/cubedro/eth-netstats/issues/164,cubedro/eth-netstats,"['added', 'pending', 'separate', 'call']","['ad', 'pend', 'separ', 'call']"
fixed readme screenshot,163,closed,https://github.com/cubedro/eth-netstats/issues/163,cubedro/eth-netstats,"['fixed', 'readme', 'screenshot']","['fix', 'readm', 'screenshot']"
Add user based settings,162,closed,https://github.com/cubedro/eth-netstats/issues/162,cubedro/eth-netstats,"['add', 'user', 'based', 'setting']","['add', 'user', 'base', 'set']"
removed toastr until bug fix,161,closed,https://github.com/cubedro/eth-netstats/issues/161,cubedro/eth-netstats,"['removed', 'toastr', 'bug', 'fix']","['remov', 'toastr', 'bug', 'fix']"
Bumped netstats api version,160,closed,https://github.com/cubedro/eth-netstats/issues/160,cubedro/eth-netstats,"['bumped', 'netstats', 'api', 'version']","['bump', 'netstat', 'api', 'version']"
Feature request: Remember pinned nodes,159,closed,https://github.com/cubedro/eth-netstats/issues/159,cubedro/eth-netstats,"['feature', 'request', 'remember', 'pinned', 'node']","['featur', 'request', 'rememb', 'pin', 'node']"
Performance improvements,158,closed,https://github.com/cubedro/eth-netstats/issues/158,cubedro/eth-netstats,"['performance', 'improvement']","['perform', 'improv']"
Fixed version class filter,157,closed,https://github.com/cubedro/eth-netstats/issues/157,cubedro/eth-netstats,"['fixed', 'version', 'class', 'filter']","['fix', 'version', 'class', 'filter']"
Version 0.0.7,156,closed,https://github.com/cubedro/eth-netstats/issues/156,cubedro/eth-netstats,"['version', '007']","['version', '0', '0', '7']"
Bug fixes,155,closed,https://github.com/cubedro/eth-netstats/issues/155,cubedro/eth-netstats,"['bug', 'fix']","['bug', 'fix']"
Fixed charts bug when first loading and reversed uncles chart,154,closed,https://github.com/cubedro/eth-netstats/issues/154,cubedro/eth-netstats,"['fixed', 'chart', 'bug', 'first', 'loading', 'reversed', 'uncle', 'chart']","['fix', 'chart', 'bug', 'first', 'load', 'revers', 'uncl', 'chart']"
Fixed hashrate sorting fixes #149,153,closed,https://github.com/cubedro/eth-netstats/issues/153,cubedro/eth-netstats,"['fixed', 'hashrate', 'sorting', 'fix', '149']","['fix', 'hashrat', 'sort', 'fix', '149']"
Bumped netstats api version,152,closed,https://github.com/cubedro/eth-netstats/issues/152,cubedro/eth-netstats,"['bumped', 'netstats', 'api', 'version']","['bump', 'netstat', 'api', 'version']"
Added track by to ng-repeat to improve speed,151,closed,https://github.com/cubedro/eth-netstats/issues/151,cubedro/eth-netstats,"['added', 'track', 'ngrepeat', 'improve', 'speed']","['ad', 'track', 'ng', 'repeat', 'improv', 'speed']"
Bumped packages versions,150,closed,https://github.com/cubedro/eth-netstats/issues/150,cubedro/eth-netstats,"['bumped', 'package', 'version']","['bump', 'packag', 'version']"
Sorting by hashrate is doing poorly,149,closed,https://github.com/cubedro/eth-netstats/issues/149,cubedro/eth-netstats,"['sorting', 'hashrate', 'poorly']","['sort', 'hashrat', 'poorli']"
Changed avg propagation time to infinity when block is very old,148,closed,https://github.com/cubedro/eth-netstats/issues/148,cubedro/eth-netstats,"['changed', 'avg', 'propagation', 'time', 'infinity', 'block', 'old']","['chang', 'avg', 'propag', 'time', 'infin', 'block', 'old']"
Removed scope.apply from update function,147,closed,https://github.com/cubedro/eth-netstats/issues/147,cubedro/eth-netstats,"['removed', 'scopeapply', 'update', 'function']","['remov', 'scope', 'appli', 'updat', 'function']"
Fixed chart colour range,146,closed,https://github.com/cubedro/eth-netstats/issues/146,cubedro/eth-netstats,"['fixed', 'chart', 'colour', 'range']","['fix', 'chart', 'colour', 'rang']"
Added check for changes when updating,145,closed,https://github.com/cubedro/eth-netstats/issues/145,cubedro/eth-netstats,"['added', 'check', 'change', 'updating']","['ad', 'check', 'chang', 'updat']"
Added scope apply after update,144,closed,https://github.com/cubedro/eth-netstats/issues/144,cubedro/eth-netstats,"['added', 'scope', 'apply', 'update']","['ad', 'scope', 'appli', 'updat']"
Removed filter form directive,143,closed,https://github.com/cubedro/eth-netstats/issues/143,cubedro/eth-netstats,"['removed', 'filter', 'form', 'directive']","['remov', 'filter', 'form', 'direct']"
Fixed huge cpu load,142,closed,https://github.com/cubedro/eth-netstats/issues/142,cubedro/eth-netstats,"['fixed', 'huge', 'cpu', 'load']","['fix', 'huge', 'cpu', 'load']"
Moved update interval in directive,141,closed,https://github.com/cubedro/eth-netstats/issues/141,cubedro/eth-netstats,"['moved', 'update', 'interval', 'directive']","['move', 'updat', 'interv', 'direct']"
Directives refactoring,140,closed,https://github.com/cubedro/eth-netstats/issues/140,cubedro/eth-netstats,"['directives', 'refactoring']","['direct', 'refactor']"
Fixed dependencies,139,closed,https://github.com/cubedro/eth-netstats/issues/139,cubedro/eth-netstats,"['fixed', 'dependency']","['fix', 'depend']"
Fixed angular bug,138,closed,https://github.com/cubedro/eth-netstats/issues/138,cubedro/eth-netstats,"['fixed', 'angular', 'bug']","['fix', 'angular', 'bug']"
Performance improvements,137,closed,https://github.com/cubedro/eth-netstats/issues/137,cubedro/eth-netstats,"['performance', 'improvement']","['perform', 'improv']"
Improved nodes propagation chart & avg,136,closed,https://github.com/cubedro/eth-netstats/issues/136,cubedro/eth-netstats,"['improved', 'node', 'propagation', 'chart', 'avg']","['improv', 'node', 'propag', 'chart', 'avg']"
Small styling improvement for node pin icons,135,closed,https://github.com/cubedro/eth-netstats/issues/135,cubedro/eth-netstats,"['small', 'styling', 'improvement', 'node', 'pin', 'icon']","['small', 'style', 'improv', 'node', 'pin', 'icon']"
UI speed improvements,134,closed,https://github.com/cubedro/eth-netstats/issues/134,cubedro/eth-netstats,"['ui', 'speed', 'improvement']","['ui', 'speed', 'improv']"
Fixed pinned bug when reconnecting node,133,closed,https://github.com/cubedro/eth-netstats/issues/133,cubedro/eth-netstats,"['fixed', 'pinned', 'bug', 'reconnecting', 'node']","['fix', 'pin', 'bug', 'reconnect', 'node']"
Added totalDifficulty column,132,closed,https://github.com/cubedro/eth-netstats/issues/132,cubedro/eth-netstats,"['added', 'totaldifficulty', 'column']","['ad', 'totaldifficulti', 'column']"
Added node pin functionality,131,closed,https://github.com/cubedro/eth-netstats/issues/131,cubedro/eth-netstats,"['added', 'node', 'pin', 'functionality']","['ad', 'node', 'pin', 'function']"
Fixed 0x0000... coinbase miner name,130,closed,https://github.com/cubedro/eth-netstats/issues/130,cubedro/eth-netstats,"['fixed', '0x0000', 'coinbase', 'miner', 'name']","['fix', '0x0000', 'coinbas', 'miner', 'name']"
Fixed screenshot link,129,closed,https://github.com/cubedro/eth-netstats/issues/129,cubedro/eth-netstats,"['fixed', 'screenshot', 'link']","['fix', 'screenshot', 'link']"
Added version for screenshot in readme.md,128,closed,https://github.com/cubedro/eth-netstats/issues/128,cubedro/eth-netstats,"['added', 'version', 'screenshot', 'readmemd']","['ad', 'version', 'screenshot', 'readm', 'md']"
Updated screenshot,127,closed,https://github.com/cubedro/eth-netstats/issues/127,cubedro/eth-netstats,"['updated', 'screenshot']","['updat', 'screenshot']"
Fixed difficulty size,126,closed,https://github.com/cubedro/eth-netstats/issues/126,cubedro/eth-netstats,"['fixed', 'difficulty', 'size']","['fix', 'difficulti', 'size']"
Removed alert,125,closed,https://github.com/cubedro/eth-netstats/issues/125,cubedro/eth-netstats,"['removed', 'alert']","['remov', 'alert']"
Changed histogram to 10s,124,closed,https://github.com/cubedro/eth-netstats/issues/124,cubedro/eth-netstats,"['changed', 'histogram', '10']","['chang', 'histogram', '10']"
Moved express functionality to nginx,123,closed,https://github.com/cubedro/eth-netstats/issues/123,cubedro/eth-netstats,"['moved', 'express', 'functionality', 'nginx']","['move', 'express', 'function', 'nginx']"
Added cleanup for old inactive nodes,122,closed,https://github.com/cubedro/eth-netstats/issues/122,cubedro/eth-netstats,"['added', 'cleanup', 'old', 'inactive', 'node']","['ad', 'cleanup', 'old', 'inact', 'node']"
Fixed negative block time bug,121,closed,https://github.com/cubedro/eth-netstats/issues/121,cubedro/eth-netstats,"['fixed', 'negative', 'block', 'time', 'bug']","['fix', 'neg', 'block', 'time', 'bug']"
filters: hashrateFilter was off by a factor of 1000.,120,closed,https://github.com/cubedro/eth-netstats/issues/120,cubedro/eth-netstats,"['filter', 'hashratefilter', 'factor', '1000']","['filter', 'hashratefilt', 'factor', '1000']"
Fixed js order bug,119,closed,https://github.com/cubedro/eth-netstats/issues/119,cubedro/eth-netstats,"['fixed', 'j', 'order', 'bug']","['fix', 'js', 'order', 'bug']"
Added primus as static file,118,closed,https://github.com/cubedro/eth-netstats/issues/118,cubedro/eth-netstats,"['added', 'primus', 'static', 'file']","['ad', 'primu', 'static', 'file']"
Fixed last block time bug,117,closed,https://github.com/cubedro/eth-netstats/issues/117,cubedro/eth-netstats,"['fixed', 'last', 'block', 'time', 'bug']","['fix', 'last', 'block', 'time', 'bug']"
Miner Node H/s Rate Not Right,116,closed,https://github.com/cubedro/eth-netstats/issues/116,cubedro/eth-netstats,"['miner', 'node', 'hs', 'rate', 'not', 'right']","['miner', 'node', 'h', 'rate', 'not', 'right']"
Changed avg hashrate to last 64 blocks,115,closed,https://github.com/cubedro/eth-netstats/issues/115,cubedro/eth-netstats,"['changed', 'avg', 'hashrate', 'last', '64', 'block']","['chang', 'avg', 'hashrat', 'last', '64', 'block']"
Small fixes,114,closed,https://github.com/cubedro/eth-netstats/issues/114,cubedro/eth-netstats,"['small', 'fix']","['small', 'fix']"
Joined mining and hashrate columns,113,closed,https://github.com/cubedro/eth-netstats/issues/113,cubedro/eth-netstats,"['joined', 'mining', 'hashrate', 'column']","['join', 'mine', 'hashrat', 'column']"
Improvements,112,closed,https://github.com/cubedro/eth-netstats/issues/112,cubedro/eth-netstats,['improvements'],['improv']
Stability improvements and refactoring,111,closed,https://github.com/cubedro/eth-netstats/issues/111,cubedro/eth-netstats,"['stability', 'improvement', 'refactoring']","['stabil', 'improv', 'refactor']"
Stability improvements,110,closed,https://github.com/cubedro/eth-netstats/issues/110,cubedro/eth-netstats,"['stability', 'improvement']","['stabil', 'improv']"
changed request history to 50,109,closed,https://github.com/cubedro/eth-netstats/issues/109,cubedro/eth-netstats,"['changed', 'request', 'history', '50']","['chang', 'request', 'histori', '50']"
Fix bugs,108,closed,https://github.com/cubedro/eth-netstats/issues/108,cubedro/eth-netstats,"['fix', 'bug']","['fix', 'bug']"
Version 0.0.6,107,closed,https://github.com/cubedro/eth-netstats/issues/107,cubedro/eth-netstats,"['version', '006']","['version', '0', '0', '6']"
fixed canUpdate bug,106,closed,https://github.com/cubedro/eth-netstats/issues/106,cubedro/eth-netstats,"['fixed', 'canupdate', 'bug']","['fix', 'canupd', 'bug']"
version 0.0.5,105,closed,https://github.com/cubedro/eth-netstats/issues/105,cubedro/eth-netstats,"['version', '005']","['version', '0', '0', '5']"
Added client version check and advise,104,closed,https://github.com/cubedro/eth-netstats/issues/104,cubedro/eth-netstats,"['added', 'client', 'version', 'check', 'advise']","['ad', 'client', 'version', 'check', 'advis']"
Less useless logs,103,closed,https://github.com/cubedro/eth-netstats/issues/103,cubedro/eth-netstats,"['less', 'useless', 'log']","['less', 'useless', 'log']"
Better error handling and logging,102,closed,https://github.com/cubedro/eth-netstats/issues/102,cubedro/eth-netstats,"['better', 'error', 'handling', 'logging']","['better', 'error', 'handl', 'log']"
Block class filter,101,closed,https://github.com/cubedro/eth-netstats/issues/101,cubedro/eth-netstats,"['block', 'class', 'filter']","['block', 'class', 'filter']"
V 0.0.3,100,closed,https://github.com/cubedro/eth-netstats/issues/100,cubedro/eth-netstats,"['v', '003']","['v', '0', '0', '3']"
Geolocation sometimes shows different results,99,open,https://github.com/cubedro/eth-netstats/issues/99,cubedro/eth-netstats,"['geolocation', 'sometimes', 'show', 'different', 'result']","['geoloc', 'sometim', 'show', 'differ', 'result']"
Zoom & pan to map,98,closed,https://github.com/cubedro/eth-netstats/issues/98,cubedro/eth-netstats,"['zoom', 'pan', 'map']","['zoom', 'pan', 'map']"
Fixes,97,closed,https://github.com/cubedro/eth-netstats/issues/97,cubedro/eth-netstats,['fixes'],['fix']
Added coinbase in info for matching with miners,96,closed,https://github.com/cubedro/eth-netstats/issues/96,cubedro/eth-netstats,"['added', 'coinbase', 'info', 'matching', 'miner']","['ad', 'coinbas', 'info', 'match', 'miner']"
Added second row,95,closed,https://github.com/cubedro/eth-netstats/issues/95,cubedro/eth-netstats,"['added', 'second', 'row']","['ad', 'second', 'row']"
Changed uncle count range,94,closed,https://github.com/cubedro/eth-netstats/issues/94,cubedro/eth-netstats,"['changed', 'uncle', 'count', 'range']","['chang', 'uncl', 'count', 'rang']"
Added uncle count chart,93,closed,https://github.com/cubedro/eth-netstats/issues/93,cubedro/eth-netstats,"['added', 'uncle', 'count', 'chart']","['ad', 'uncl', 'count', 'chart']"
Improvements & fixes,92,closed,https://github.com/cubedro/eth-netstats/issues/92,cubedro/eth-netstats,"['improvements', 'fix']","['improv', 'fix']"
Moved table higher,91,closed,https://github.com/cubedro/eth-netstats/issues/91,cubedro/eth-netstats,"['moved', 'table', 'higher']","['move', 'tabl', 'higher']"
Styling fixes,90,closed,https://github.com/cubedro/eth-netstats/issues/90,cubedro/eth-netstats,"['styling', 'fix']","['style', 'fix']"
Code cleanup & propagation histogram styling,89,closed,https://github.com/cubedro/eth-netstats/issues/89,cubedro/eth-netstats,"['code', 'cleanup', 'propagation', 'histogram', 'styling']","['code', 'cleanup', 'propag', 'histogram', 'style']"
Added tooltip to block propagation chart,88,closed,https://github.com/cubedro/eth-netstats/issues/88,cubedro/eth-netstats,"['added', 'tooltip', 'block', 'propagation', 'chart']","['ad', 'tooltip', 'block', 'propag', 'chart']"
Propagation time curve fixes,87,closed,https://github.com/cubedro/eth-netstats/issues/87,cubedro/eth-netstats,"['propagation', 'time', 'curve', 'fix']","['propag', 'time', 'curv', 'fix']"
Histogram improvements,86,closed,https://github.com/cubedro/eth-netstats/issues/86,cubedro/eth-netstats,"['histogram', 'improvement']","['histogram', 'improv']"
Added Histogram,85,closed,https://github.com/cubedro/eth-netstats/issues/85,cubedro/eth-netstats,"['added', 'histogram']","['ad', 'histogram']"
Improvement suggestion: Add nodes current hash rate to the table.,84,closed,https://github.com/cubedro/eth-netstats/issues/84,cubedro/eth-netstats,"['improvement', 'suggestion', 'add', 'node', 'current', 'hash', 'rate', 'table']","['improv', 'suggest', 'add', 'node', 'current', 'hash', 'rate', 'tabl']"
Added number formating for block number and difficulty,83,closed,https://github.com/cubedro/eth-netstats/issues/83,cubedro/eth-netstats,"['added', 'number', 'formating', 'block', 'number', 'difficulty']","['ad', 'number', 'format', 'block', 'number', 'difficulti']"
Styling improvements,82,closed,https://github.com/cubedro/eth-netstats/issues/82,cubedro/eth-netstats,"['styling', 'improvement']","['style', 'improv']"
Added chartRangeMax,81,closed,https://github.com/cubedro/eth-netstats/issues/81,cubedro/eth-netstats,"['added', 'chartrangemax']","['ad', 'chartrangemax']"
Added block propagation history,80,closed,https://github.com/cubedro/eth-netstats/issues/80,cubedro/eth-netstats,"['added', 'block', 'propagation', 'history']","['ad', 'block', 'propag', 'histori']"
More styling fixes,79,closed,https://github.com/cubedro/eth-netstats/issues/79,cubedro/eth-netstats,"['more', 'styling', 'fix']","['more', 'style', 'fix']"
Moved port in tooltip,78,closed,https://github.com/cubedro/eth-netstats/issues/78,cubedro/eth-netstats,"['moved', 'port', 'tooltip']","['move', 'port', 'tooltip']"
Fixed table row height,77,closed,https://github.com/cubedro/eth-netstats/issues/77,cubedro/eth-netstats,"['fixed', 'table', 'row', 'height']","['fix', 'tabl', 'row', 'height']"
More styling improvements,76,closed,https://github.com/cubedro/eth-netstats/issues/76,cubedro/eth-netstats,"['more', 'styling', 'improvement']","['more', 'style', 'improv']"
More visual improvements,75,closed,https://github.com/cubedro/eth-netstats/issues/75,cubedro/eth-netstats,"['more', 'visual', 'improvement']","['more', 'visual', 'improv']"
Visual improvements,74,closed,https://github.com/cubedro/eth-netstats/issues/74,cubedro/eth-netstats,"['visual', 'improvement']","['visual', 'improv']"
Bumped packages version,73,closed,https://github.com/cubedro/eth-netstats/issues/73,cubedro/eth-netstats,"['bumped', 'package', 'version']","['bump', 'packag', 'version']"
Fixed api version if undefined,72,closed,https://github.com/cubedro/eth-netstats/issues/72,cubedro/eth-netstats,"['fixed', 'api', 'version', 'undefined']","['fix', 'api', 'version', 'undefin']"
Added map tooltip,71,closed,https://github.com/cubedro/eth-netstats/issues/71,cubedro/eth-netstats,"['added', 'map', 'tooltip']","['ad', 'map', 'tooltip']"
Added more fields in info,70,closed,https://github.com/cubedro/eth-netstats/issues/70,cubedro/eth-netstats,"['added', 'field', 'info']","['ad', 'field', 'info']"
Add NodeID,69,closed,https://github.com/cubedro/eth-netstats/issues/69,cubedro/eth-netstats,"['add', 'nodeid']","['add', 'nodeid']"
Decreased map point radius,68,closed,https://github.com/cubedro/eth-netstats/issues/68,cubedro/eth-netstats,"['decreased', 'map', 'point', 'radius']","['decreas', 'map', 'point', 'radiu']"
Added plus in front of propagation time if > 0,67,closed,https://github.com/cubedro/eth-netstats/issues/67,cubedro/eth-netstats,"['added', 'plus', 'front', 'propagation', 'time', '0']","['ad', 'plu', 'front', 'propag', 'time', '0']"
Fixed grayed out boxes bg,66,closed,https://github.com/cubedro/eth-netstats/issues/66,cubedro/eth-netstats,"['fixed', 'grayed', 'box', 'bg']","['fix', 'gray', 'box', 'bg']"
Added border radius to propagation box,65,closed,https://github.com/cubedro/eth-netstats/issues/65,cubedro/eth-netstats,"['added', 'border', 'radius', 'propagation', 'box']","['ad', 'border', 'radiu', 'propag', 'box']"
Changed propagation bg to box,64,closed,https://github.com/cubedro/eth-netstats/issues/64,cubedro/eth-netstats,"['changed', 'propagation', 'bg', 'box']","['chang', 'propag', 'bg', 'box']"
Grayed out nodes to bottom,63,closed,https://github.com/cubedro/eth-netstats/issues/63,cubedro/eth-netstats,"['grayed', 'node', 'bottom']","['gray', 'node', 'bottom']"
Added bg color to propagation time,62,closed,https://github.com/cubedro/eth-netstats/issues/62,cubedro/eth-netstats,"['added', 'bg', 'color', 'propagation', 'time']","['ad', 'bg', 'color', 'propag', 'time']"
Grayed out fix,61,closed,https://github.com/cubedro/eth-netstats/issues/61,cubedro/eth-netstats,"['grayed', 'fix']","['gray', 'fix']"
Sorting and grayout,60,closed,https://github.com/cubedro/eth-netstats/issues/60,cubedro/eth-netstats,"['sorting', 'grayout']","['sort', 'grayout']"
Added initBlockHistory,59,closed,https://github.com/cubedro/eth-netstats/issues/59,cubedro/eth-netstats,"['added', 'initblockhistory']","['ad', 'initblockhistori']"
ng-cloak missing again :),58,closed,https://github.com/cubedro/eth-netstats/issues/58,cubedro/eth-netstats,"['ngcloak', 'missing']","['ng', 'cloak', 'miss']"
suggestion: header arrangement,57,closed,https://github.com/cubedro/eth-netstats/issues/57,cubedro/eth-netstats,"['suggestion', 'header', 'arrangement']","['suggest', 'header', 'arrang']"
suggestion: gasprice,56,closed,https://github.com/cubedro/eth-netstats/issues/56,cubedro/eth-netstats,"['suggestion', 'gasprice']","['suggest', 'gaspric']"
Added miner name + fixes,55,closed,https://github.com/cubedro/eth-netstats/issues/55,cubedro/eth-netstats,"['added', 'miner', 'name', 'fix']","['ad', 'miner', 'name', 'fix']"
More fixes,54,closed,https://github.com/cubedro/eth-netstats/issues/54,cubedro/eth-netstats,"['more', 'fix']","['more', 'fix']"
Fixed peer propagation colors,53,closed,https://github.com/cubedro/eth-netstats/issues/53,cubedro/eth-netstats,"['fixed', 'peer', 'propagation', 'color']","['fix', 'peer', 'propag', 'color']"
Peer propagation chart,52,closed,https://github.com/cubedro/eth-netstats/issues/52,cubedro/eth-netstats,"['peer', 'propagation', 'chart']","['peer', 'propag', 'chart']"
Improved color code,51,closed,https://github.com/cubedro/eth-netstats/issues/51,cubedro/eth-netstats,"['improved', 'color', 'code']","['improv', 'color', 'code']"
Added orange color,50,closed,https://github.com/cubedro/eth-netstats/issues/50,cubedro/eth-netstats,"['added', 'orange', 'color']","['ad', 'orang', 'color']"
Fixed block time filters,49,closed,https://github.com/cubedro/eth-netstats/issues/49,cubedro/eth-netstats,"['fixed', 'block', 'time', 'filter']","['fix', 'block', 'time', 'filter']"
Added page latency,48,closed,https://github.com/cubedro/eth-netstats/issues/48,cubedro/eth-netstats,"['added', 'page', 'latency']","['ad', 'page', 'latenc']"
Fix for old clients & readme.md changes,47,closed,https://github.com/cubedro/eth-netstats/issues/47,cubedro/eth-netstats,"['fix', 'old', 'client', 'readmemd', 'change']","['fix', 'old', 'client', 'readm', 'md', 'chang']"
Fixed node name default sorting,46,closed,https://github.com/cubedro/eth-netstats/issues/46,cubedro/eth-netstats,"['fixed', 'node', 'name', 'default', 'sorting']","['fix', 'node', 'name', 'default', 'sort']"
Added sort direction change functionality,45,closed,https://github.com/cubedro/eth-netstats/issues/45,cubedro/eth-netstats,"['added', 'sort', 'direction', 'change', 'functionality']","['ad', 'sort', 'direct', 'chang', 'function']"
Added order to every column,44,closed,https://github.com/cubedro/eth-netstats/issues/44,cubedro/eth-netstats,"['added', 'order', 'every', 'column']","['ad', 'order', 'everi', 'column']"
Added default name order,43,closed,https://github.com/cubedro/eth-netstats/issues/43,cubedro/eth-netstats,"['added', 'default', 'name', 'order']","['ad', 'default', 'name', 'order']"
Added last block miners,42,closed,https://github.com/cubedro/eth-netstats/issues/42,cubedro/eth-netstats,"['added', 'last', 'block', 'miner']","['ad', 'last', 'block', 'miner']"
Fixed propagation best block bug,41,closed,https://github.com/cubedro/eth-netstats/issues/41,cubedro/eth-netstats,"['fixed', 'propagation', 'best', 'block', 'bug']","['fix', 'propag', 'best', 'block', 'bug']"
CSS fixes,40,closed,https://github.com/cubedro/eth-netstats/issues/40,cubedro/eth-netstats,"['css', 'fix']","['css', 'fix']"
Moved popagation to backend fixes #38,39,closed,https://github.com/cubedro/eth-netstats/issues/39,cubedro/eth-netstats,"['moved', 'popagation', 'backend', 'fix', '38']","['move', 'popag', 'backend', 'fix', '38']"
Propagation,38,closed,https://github.com/cubedro/eth-netstats/issues/38,cubedro/eth-netstats,['propagation'],['propag']
Fixed propagation,37,closed,https://github.com/cubedro/eth-netstats/issues/37,cubedro/eth-netstats,"['fixed', 'propagation']","['fix', 'propag']"
Fixed block time math,36,closed,https://github.com/cubedro/eth-netstats/issues/36,cubedro/eth-netstats,"['fixed', 'block', 'time', 'math']","['fix', 'block', 'time', 'math']"
Fixed latency cell width,35,closed,https://github.com/cubedro/eth-netstats/issues/35,cubedro/eth-netstats,"['fixed', 'latency', 'cell', 'width']","['fix', 'latenc', 'cell', 'width']"
Added latency update,34,closed,https://github.com/cubedro/eth-netstats/issues/34,cubedro/eth-netstats,"['added', 'latency', 'update']","['ad', 'latenc', 'updat']"
Improved version,33,closed,https://github.com/cubedro/eth-netstats/issues/33,cubedro/eth-netstats,"['improved', 'version']","['improv', 'version']"
check that - I think it should be pointed to ~/bin/www/bin/eth.sh,32,closed,https://github.com/cubedro/eth-netstats/issues/32,cubedro/eth-netstats,"['check', 'i', 'think', 'pointed', 'binwwwbinethsh']","['check', 'i', 'think', 'point', 'bin', 'www', 'bin', 'eth', 'sh']"
fixed block.number,31,closed,https://github.com/cubedro/eth-netstats/issues/31,cubedro/eth-netstats,"['fixed', 'blocknumber']","['fix', 'block', 'number']"
"fixed double ""="" bug",30,closed,https://github.com/cubedro/eth-netstats/issues/30,cubedro/eth-netstats,"['fixed', 'double', 'bug']","['fix', 'doubl', 'bug']"
fixed received bug,29,closed,https://github.com/cubedro/eth-netstats/issues/29,cubedro/eth-netstats,"['fixed', 'received', 'bug']","['fix', 'receiv', 'bug']"
Improvements,28,closed,https://github.com/cubedro/eth-netstats/issues/28,cubedro/eth-netstats,['improvements'],['improv']
fixed arrival updating to NaN,27,closed,https://github.com/cubedro/eth-netstats/issues/27,cubedro/eth-netstats,"['fixed', 'arrival', 'updating', 'nan']","['fix', 'arriv', 'updat', 'nan']"
added block number check,26,closed,https://github.com/cubedro/eth-netstats/issues/26,cubedro/eth-netstats,"['added', 'block', 'number', 'check']","['ad', 'block', 'number', 'check']"
fixed arrival time,25,closed,https://github.com/cubedro/eth-netstats/issues/25,cubedro/eth-netstats,"['fixed', 'arrival', 'time']","['fix', 'arriv', 'time']"
changed propagation time to arrival time,24,closed,https://github.com/cubedro/eth-netstats/issues/24,cubedro/eth-netstats,"['changed', 'propagation', 'time', 'arrival', 'time']","['chang', 'propag', 'time', 'arriv', 'time']"
Graphics change,23,closed,https://github.com/cubedro/eth-netstats/issues/23,cubedro/eth-netstats,"['graphics', 'change']","['graphic', 'chang']"
fixed propagation filter,22,closed,https://github.com/cubedro/eth-netstats/issues/22,cubedro/eth-netstats,"['fixed', 'propagation', 'filter']","['fix', 'propag', 'filter']"
added propagation time filter,21,closed,https://github.com/cubedro/eth-netstats/issues/21,cubedro/eth-netstats,"['added', 'propagation', 'time', 'filter']","['ad', 'propag', 'time', 'filter']"
API authentication,20,closed,https://github.com/cubedro/eth-netstats/issues/20,cubedro/eth-netstats,"['api', 'authentication']","['api', 'authent']"
fixed bin/www,19,closed,https://github.com/cubedro/eth-netstats/issues/19,cubedro/eth-netstats,"['fixed', 'binwww']","['fix', 'bin', 'www']"
Update from master,18,closed,https://github.com/cubedro/eth-netstats/issues/18,cubedro/eth-netstats,"['update', 'master']","['updat', 'master']"
Update develop branch,17,closed,https://github.com/cubedro/eth-netstats/issues/17,cubedro/eth-netstats,"['update', 'develop', 'branch']","['updat', 'develop', 'branch']"
ng-cloak display none,16,closed,https://github.com/cubedro/eth-netstats/issues/16,cubedro/eth-netstats,"['ngcloak', 'display', 'none']","['ng', 'cloak', 'display', 'none']"
Layout improvements,15,closed,https://github.com/cubedro/eth-netstats/issues/15,cubedro/eth-netstats,"['layout', 'improvement']","['layout', 'improv']"
Refactoring and bug fixes,14,closed,https://github.com/cubedro/eth-netstats/issues/14,cubedro/eth-netstats,"['refactoring', 'bug', 'fix']","['refactor', 'bug', 'fix']"
Merge develop,13,closed,https://github.com/cubedro/eth-netstats/issues/13,cubedro/eth-netstats,"['merge', 'develop']","['merg', 'develop']"
fix for go rpc not exposing block difficulty,12,closed,https://github.com/cubedro/eth-netstats/issues/12,cubedro/eth-netstats,"['fix', 'go', 'rpc', 'exposing', 'block', 'difficulty']","['fix', 'go', 'rpc', 'expos', 'block', 'difficulti']"
use ngCloak :),11,closed,https://github.com/cubedro/eth-netstats/issues/11,cubedro/eth-netstats,"['use', 'ngcloak']","['use', 'ngcloak']"
Decide about the best way to query nodes,10,closed,https://github.com/cubedro/eth-netstats/issues/10,cubedro/eth-netstats,"['decide', 'best', 'way', 'query', 'node']","['decid', 'best', 'way', 'queri', 'node']"
update docs for demo,9,closed,https://github.com/cubedro/eth-netstats/issues/9,cubedro/eth-netstats,"['update', 'doc', 'demo']","['updat', 'doc', 'demo']"
"In the dashboard, display infos about Go nodes",8,closed,https://github.com/cubedro/eth-netstats/issues/8,cubedro/eth-netstats,"['in', 'dashboard', 'display', 'info', 'go', 'node']","['in', 'dashboard', 'display', 'info', 'go', 'node']"
Display is regularly updated,7,closed,https://github.com/cubedro/eth-netstats/issues/7,cubedro/eth-netstats,"['display', 'regularly', 'updated']","['display', 'regularli', 'updat']"
User can switch between two configurations,6,closed,https://github.com/cubedro/eth-netstats/issues/6,cubedro/eth-netstats,"['user', 'switch', 'two', 'configuration']","['user', 'switch', 'two', 'configur']"
"Ansible setup to provide testing servers, closes #3",5,closed,https://github.com/cubedro/eth-netstats/issues/5,cubedro/eth-netstats,"['ansible', 'setup', 'provide', 'testing', 'server', 'close', '3']","['ansibl', 'setup', 'provid', 'test', 'server', 'close', '3']"
Queries to nodes are secured,4,closed,https://github.com/cubedro/eth-netstats/issues/4,cubedro/eth-netstats,"['queries', 'node', 'secured']","['queri', 'node', 'secur']"
Have more servers for testing,3,closed,https://github.com/cubedro/eth-netstats/issues/3,cubedro/eth-netstats,"['have', 'server', 'testing']","['have', 'server', 'test']"
Move project to main ethereum git repository,2,closed,https://github.com/cubedro/eth-netstats/issues/2,cubedro/eth-netstats,"['move', 'project', 'main', 'ethereum', 'git', 'repository']","['move', 'project', 'main', 'ethereum', 'git', 'repositori']"
Create a Dockerfile,1,closed,https://github.com/cubedro/eth-netstats/issues/1,cubedro/eth-netstats,"['create', 'dockerfile']","['creat', 'dockerfil']"
